"startpoint";"replicata_export_date";"parent";"id";"type";"title";"description";"subject";"relatedItems";"location";"language";"effectiveDate";"expirationDate";"creation_date";"modification_date";"creators";"contributors";"rights";"allowDiscussion";"excludeFromNav";"nextPreviousEnabled";"ReplicataPlugin_Products_csvreplicata_exportimport_plugins_WorkflowExportImporter_wf_chain";"ReplicataPlugin_Products_csvreplicata_exportimport_plugins_WorkflowExportImporter_wf_state";"synonyms"
"Start point";"Export Date";"Parent folder";"Identifier";"Content type";"Title";"label_description";"label_tags";"label_related_items";"label_location";"label_language";"label_effective_date";"label_expiration_date";"label_creation_date";"label_modification_date";"label_creators";"label_contributors";"label_copyrights";"label_allow_comments";"label_exclude_from_nav";"label_nextprevious";"ReplicataPlugin_Products_csvreplicata_exportimport_plugins_WorkflowExportImporter_wf_chain";"ReplicataPlugin_Products_csvreplicata_exportimport_plugins_WorkflowExportImporter_wf_state";"Synonyms"
"/Plone/marscategories";"20120906162153";"";"analysis-technique";"Mars Category";"Analysis technique";"";"";"";"";"fr";"";"";"24/05/2011 12:25:02";"24/05/2011 12:25:02";"admin";"";"";"";"True";"False";"";"";""
"/Plone/marscategories";"20120906162153";"";"nothing";"Mars Category";"Nothing";"";"";"";"";"fr";"";"";"24/05/2011 12:25:02";"24/05/2011 12:25:02";"admin";"";"";"";"True";"False";"";"";""
"/Plone/marscategories";"20120906162153";"";"pathology";"Mars Category";"Pathology";"";"";"";"";"fr";"";"";"24/05/2011 12:25:02";"24/05/2011 12:25:02";"admin";"";"";"";"True";"False";"";"";""
"/Plone/marscategories";"20120906162153";"";"technology";"Mars Category";"Technology";"";"";"";"";"fr";"";"";"24/05/2011 12:25:03";"24/05/2011 12:25:03";"admin";"";"";"";"True";"False";"";"";""
"/Plone/marscategories";"20120906162153";"";"taphonomy";"Mars Category";"Taphonomy";"";"";"";"";"fr";"";"";"24/05/2011 12:25:03";"24/05/2011 12:25:03";"admin";"";"";"";"True";"False";"";"";""
"/Plone/marscategories";"20120906162153";"";"remain-type";"Mars Category";"Remain Type";"";"";"";"";"fr";"";"";"24/05/2011 12:25:03";"24/05/2011 12:25:03";"admin";"";"";"";"True";"False";"";"";""
"/Plone/marscategories";"20120906162153";"";"analyse-type";"Mars Category";"Analyse Type";"";"";"";"";"fr";"";"";"25/05/2011 15:12:16";"25/05/2011 15:12:16";"admin";"";"";"";"True";"False";"";"";""
"/Plone/marscategories";"20120906162153";"";"human-remain-type";"Mars Category";"Human Remain Type";"";"";"";"";"fr";"";"";"13/03/2012 22:08:24";"13/03/2012 22:08:24";"psemal";"";"";"";"True";"False";"";"";""
"/Plone/marscategories";"20120906162153";"";"analysis-keywords";"Mars Category";"Analysis keywords";"";"";"";"";"fr";"";"";"24/05/2011 12:24:58";"24/05/2011 12:24:58";"admin";"";"";"";"True";"False";"";"";""
"/Plone/marscategories";"20120906162153";"";"raw-material";"Mars Category";"Raw material";"";"";"";"";"fr";"";"";"24/05/2011 12:24:58";"21/05/2012 15:24:08";"admin";"";"";"";"True";"False";"";"";""
"/Plone/marscategories";"20120906162153";"";"geological-components";"Mars Category";"Geological components";"";"";"";"";"fr";"";"";"24/05/2011 12:24:58";"24/05/2011 12:24:58";"admin";"";"";"";"True";"False";"";"";""
"/Plone/marscategories";"20120906162153";"";"age-group";"Mars Category";"Age group";"";"";"";"";"fr";"";"";"24/05/2011 12:24:58";"21/05/2012 15:24:35";"admin";"";"";"";"True";"False";"";"";""
"/Plone/marscategories";"20120906162153";"";"taxa";"Mars Category";"Taxa";"";"";"";"";"fr";"";"";"24/05/2011 12:24:58";"24/05/2011 12:24:58";"admin";"";"";"";"True";"False";"";"";""
"/Plone/marscategories";"20120906162153";"";"acquisition-protocol";"Mars Category";"Acquisition protocol";"";"";"";"";"fr";"";"";"24/05/2011 12:24:59";"24/05/2011 12:24:59";"admin";"";"";"";"True";"False";"";"";""
"/Plone/marscategories";"20120906162153";"";"site";"Mars Category";"Site";"";"";"";"";"fr";"";"";"24/05/2011 12:25:01";"24/05/2011 12:25:01";"admin";"";"";"";"True";"False";"";"";""
"/Plone/marscategories";"20120906162153";"";"chronology";"Mars Category";"Chronology";"";"";"";"";"fr";"";"";"24/05/2011 12:25:02";"24/05/2011 12:25:02";"admin";"";"";"";"True";"False";"";"";""
"/Plone/marscategories";"20120906162153";"";"coordinate-projection";"Mars Category";"Coordinate Projection";"";"";"";"";"fr";"";"";"24/05/2011 12:25:02";"24/05/2011 12:25:02";"admin";"";"";"";"True";"False";"";"";""
"/Plone/marscategories";"20120906162153";"";"substratum";"Mars Category";"Substratum";"";"";"";"";"fr";"";"";"16/03/2012 08:22:28";"21/05/2012 15:24:55";"psemal";"";"";"";"True";"False";"";"";""
"/Plone/marscategories";"20120906162153";"technology";"vegetal";"Mars Category";"Vegetal";"";"";"";"";"fr";"";"";"24/05/2011 12:25:03";"24/05/2011 12:25:03";"admin";"";"";"";"True";"False";"";"";""
"/Plone/marscategories";"20120906162153";"technology";"lithic";"Mars Category";"Lithic";"";"";"";"";"fr";"";"";"24/05/2011 12:25:03";"24/05/2011 12:25:03";"admin";"";"";"";"True";"False";"";"";""
"/Plone/marscategories";"20120906162153";"technology";"other";"Mars Category";"Other";"";"";"";"";"fr";"";"";"24/05/2011 12:25:03";"24/05/2011 12:25:03";"admin";"";"";"";"True";"False";"";"";""
"/Plone/marscategories";"20120906162153";"technology";"animal";"Mars Category";"Animal";"";"";"";"";"fr";"";"";"24/05/2011 12:25:03";"24/05/2011 12:25:03";"admin";"";"";"";"True";"False";"";"";""
"/Plone/marscategories";"20120906162153";"technology";"ceramic";"Mars Category";"Ceramic";"";"";"";"";"fr";"";"";"25/05/2011 15:22:57";"25/05/2011 15:22:57";"admin";"";"";"";"True";"False";"";"";""
"/Plone/marscategories";"20120906162153";"technology";"metal";"Mars Category";"Metal";"";"";"";"";"fr";"";"";"25/05/2011 15:22:57";"25/05/2011 15:22:57";"admin";"";"";"";"True";"False";"";"";""
"/Plone/marscategories";"20120906162153";"technology";"glass";"Mars Category";"Glass";"";"";"";"";"fr";"";"";"25/05/2011 15:22:57";"25/05/2011 15:22:57";"admin";"";"";"";"True";"False";"";"";""
"/Plone/marscategories";"20120906162153";"taxa";"undetermined";"Mars Category";"Undetermined";"";"";"";"";"fr";"";"";"24/05/2011 12:24:59";"24/05/2011 12:24:59";"admin";"";"";"";"True";"False";"";"";""
"/Plone/marscategories";"20120906162153";"taxa";"unknown";"Mars Category";"Unknown";"";"";"";"";"fr";"";"";"24/05/2011 12:24:59";"24/05/2011 12:24:59";"admin";"";"";"";"True";"False";"";"";""
"/Plone/marscategories";"20120906162153";"taxa";"fauna";"Mars Category";"Fauna";"";"";"";"";"fr";"";"";"24/05/2011 12:24:59";"24/05/2011 12:24:59";"admin";"";"";"";"True";"False";"";"";""
"/Plone/marscategories";"20120906162153";"taxa";"flora";"Mars Category";"Flora";"";"";"";"";"fr";"";"";"24/05/2011 12:24:59";"24/05/2011 12:24:59";"admin";"";"";"";"True";"False";"";"";""
"/Plone/marscategories";"20120906162153";"taxa/fauna";"arthropoda";"Mars Category";"Arthropoda";"";"";"";"";"fr";"";"";"24/05/2011 12:24:59";"24/05/2011 12:24:59";"admin";"";"";"";"True";"False";"";"";""
"/Plone/marscategories";"20120906162153";"taxa/fauna";"reptilia";"Mars Category";"Reptilia";"";"";"";"";"fr";"";"";"24/05/2011 12:24:59";"24/05/2011 12:24:59";"admin";"";"";"";"True";"False";"";"";""
"/Plone/marscategories";"20120906162153";"taxa/fauna";"pisces";"Mars Category";"Pisces";"";"";"";"";"fr";"";"";"24/05/2011 12:24:59";"24/05/2011 12:24:59";"admin";"";"";"";"True";"False";"";"";""
"/Plone/marscategories";"20120906162153";"taxa/fauna";"mammalia";"Mars Category";"Mammalia";"";"";"";"";"fr";"";"";"24/05/2011 12:24:59";"24/05/2011 12:24:59";"admin";"";"";"";"True";"False";"";"";""
"/Plone/marscategories";"20120906162153";"taxa/fauna";"amphibia";"Mars Category";"Amphibia";"";"";"";"";"fr";"";"";"24/05/2011 12:24:59";"24/05/2011 12:24:59";"admin";"";"";"";"True";"False";"";"";""
"/Plone/marscategories";"20120906162153";"taxa/fauna";"aves";"Mars Category";"Aves";"";"";"";"";"fr";"";"";"24/05/2011 12:24:59";"24/05/2011 12:24:59";"admin";"";"";"";"True";"False";"";"";""
"/Plone/marscategories";"20120906162153";"taxa/fauna";"malacostraca";"Mars Category";"Malacostraca";"";"";"";"";"fr";"";"";"25/05/2011 15:13:13";"25/05/2011 15:13:13";"admin";"";"";"";"True";"False";"";"";""
"/Plone/marscategories";"20120906162153";"taxa/fauna";"mollusca";"Mars Category";"Mollusca";"";"";"";"";"fr";"";"";"25/05/2011 15:13:13";"25/05/2011 15:13:13";"admin";"";"";"";"True";"False";"";"";""
"/Plone/marscategories";"20120906162153";"taxa/fauna";"crustacea";"Mars Category";"Crustacea";"";"";"";"";"fr";"";"";"25/05/2011 15:13:21";"25/05/2011 15:13:21";"admin";"";"";"";"True";"False";"";"";""
"/Plone/marscategories";"20120906162153";"taxa/fauna/mammalia";"primates";"Mars Category";"Primates";"";"";"";"";"fr";"";"";"24/05/2011 12:24:59";"24/05/2011 12:24:59";"admin";"";"";"";"True";"False";"";"";""
"/Plone/marscategories";"20120906162153";"taxa/fauna/mammalia/primates";"hominidae";"Mars Category";"Hominidae";"";"";"";"";"fr";"";"";"24/05/2011 12:24:59";"24/05/2011 12:24:59";"admin";"";"";"";"True";"False";"";"";""
"/Plone/marscategories";"20120906162153";"taxa/fauna/mammalia/primates/hominidae";"homo";"Mars Category";"Homo";"";"";"";"";"fr";"";"";"25/05/2011 15:21:59";"25/05/2011 15:21:59";"admin";"";"";"";"True";"False";"";"";""
"/Plone/marscategories";"20120906162153";"taxa/fauna/mammalia/primates/hominidae/homo";"sapiens";"Mars Category";"sapiens";"";"";"";"";"fr";"";"";"25/05/2011 15:21:59";"25/05/2011 15:21:59";"admin";"";"";"";"True";"False";"";"";""
"/Plone/marscategories";"20120906162153";"taxa/fauna/mammalia/primates/hominidae/homo/sapiens";"sapiens";"Mars Category";"sapiens";"";"";"";"";"fr";"";"";"25/05/2011 15:21:59";"25/05/2011 15:21:59";"admin";"";"";"";"True";"False";"";"";""
"/Plone/marscategories";"20120906162153";"taxa/fauna/mammalia/primates/hominidae/homo/sapiens";"new-species";"Mars Category";"new species";"";"";"";"";"fr";"";"";"23/03/2012 10:45:43";"23/03/2012 10:45:43";"mars";"";"";"";"False";"False";"";"";""
"/Plone/marscategories";"20120906162153";"taphonomy";"undetermined";"Mars Category";"Undetermined";"";"";"";"";"fr";"";"";"24/05/2011 12:25:03";"24/05/2011 12:25:03";"admin";"";"";"";"True";"False";"";"";""
"/Plone/marscategories";"20120906162153";"taphonomy";"unknown";"Mars Category";"Unknown";"";"";"";"";"fr";"";"";"24/05/2011 12:25:03";"24/05/2011 12:25:03";"admin";"";"";"";"True";"False";"";"";""
"/Plone/marscategories";"20120906162153";"taphonomy";"vegetal";"Mars Category";"Vegetal";"";"";"";"";"fr";"";"";"25/05/2011 15:22:47";"25/05/2011 15:22:47";"admin";"";"";"";"True";"False";"";"";""
"/Plone/marscategories";"20120906162153";"taphonomy";"ceramic";"Mars Category";"Ceramic";"";"";"";"";"fr";"";"";"25/05/2011 15:22:47";"25/05/2011 15:22:47";"admin";"";"";"";"True";"False";"";"";""
"/Plone/marscategories";"20120906162153";"taphonomy";"metal";"Mars Category";"Metal";"";"";"";"";"fr";"";"";"25/05/2011 15:22:47";"25/05/2011 15:22:47";"admin";"";"";"";"True";"False";"";"";""
"/Plone/marscategories";"20120906162153";"taphonomy";"lithic";"Mars Category";"Lithic";"";"";"";"";"fr";"";"";"25/05/2011 15:22:47";"25/05/2011 15:22:47";"admin";"";"";"";"True";"False";"";"";""
"/Plone/marscategories";"20120906162153";"taphonomy";"animal";"Mars Category";"Animal";"";"";"";"";"fr";"";"";"25/05/2011 15:22:49";"25/05/2011 15:22:49";"admin";"";"";"";"True";"False";"";"";""
"/Plone/marscategories";"20120906162153";"site";"undetermined";"Mars Category";"Undetermined";"";"";"";"";"fr";"";"";"24/05/2011 12:25:01";"24/05/2011 12:25:01";"admin";"";"";"";"True";"False";"";"";""
"/Plone/marscategories";"20120906162153";"site";"unknown";"Mars Category";"Unknown";"";"";"";"";"fr";"";"";"24/05/2011 12:25:01";"24/05/2011 12:25:01";"admin";"";"";"";"True";"False";"";"";""
"/Plone/marscategories";"20120906162153";"site";"cave";"Mars Category";"Cave";"";"";"";"";"fr";"";"";"24/05/2011 12:25:01";"24/05/2011 12:25:01";"admin";"";"";"";"True";"False";"";"";""
"/Plone/marscategories";"20120906162153";"site";"open-air";"Mars Category";"Open Air";"";"";"";"";"fr";"";"";"24/05/2011 12:25:01";"24/05/2011 12:25:01";"admin";"";"";"";"True";"False";"";"";""
"/Plone/marscategories";"20120906162153";"site";"rock-shelter";"Mars Category";"Rock Shelter";"";"";"";"";"fr";"";"";"24/05/2011 12:25:02";"24/05/2011 12:25:02";"admin";"";"";"";"True";"False";"";"";""
"/Plone/marscategories";"20120906162153";"site/open-air";"alluvial-plaine";"Mars Category";"Alluvial Plaine";"";"";"";"";"fr";"";"";"24/05/2011 12:25:01";"24/05/2011 12:25:01";"admin";"";"";"";"True";"False";"";"";""
"/Plone/marscategories";"20120906162153";"site/open-air";"mining-area";"Mars Category";"Mining Area";"";"";"";"";"fr";"";"";"24/05/2011 12:25:01";"24/05/2011 12:25:01";"admin";"";"";"";"True";"False";"";"";""
"/Plone/marscategories";"20120906162153";"site/open-air";"plateau";"Mars Category";"Plateau";"";"";"";"";"fr";"";"";"24/05/2011 12:25:02";"24/05/2011 12:25:02";"admin";"";"";"";"True";"False";"";"";""
"/Plone/marscategories";"20120906162153";"site/open-air/mining-area";"deep";"Mars Category";"deep";"";"";"";"";"fr";"";"";"22/03/2012 11:39:19";"22/03/2012 11:39:19";"psemal";"";"";"";"False";"False";"";"";""
"/Plone/marscategories";"20120906162153";"site/cave";"terrasse";"Mars Category";"Terrasse";"";"";"";"";"fr";"";"";"24/05/2011 12:25:01";"24/05/2011 12:25:01";"admin";"";"";"";"True";"False";"";"";""
"/Plone/marscategories";"20120906162153";"site/cave";"entrance";"Mars Category";"Entrance";"";"";"";"";"fr";"";"";"24/05/2011 12:25:01";"24/05/2011 12:25:01";"admin";"";"";"";"True";"False";"";"";""
"/Plone/marscategories";"20120906162153";"site/cave";"deep-karst";"Mars Category";"Deep Karst";"";"";"";"";"fr";"";"";"24/05/2011 12:25:01";"24/05/2011 12:25:01";"admin";"";"";"";"True";"False";"";"";""
"/Plone/marscategories";"20120906162153";"remain-type";"undetermined";"Mars Category";"Undetermined";"";"";"";"";"fr";"";"";"24/05/2011 12:25:03";"24/05/2011 12:25:03";"admin";"";"";"";"True";"False";"";"";""
"/Plone/marscategories";"20120906162153";"remain-type";"artefact";"Mars Category";"Artefact";"";"";"";"";"fr";"";"";"24/05/2011 12:25:03";"24/05/2011 12:25:03";"admin";"";"";"";"True";"False";"";"";""
"/Plone/marscategories";"20120906162153";"remain-type";"flora";"Mars Category";"Flora";"";"";"";"";"fr";"";"";"24/05/2011 12:25:04";"24/05/2011 12:25:04";"admin";"";"";"";"True";"False";"";"";""
"/Plone/marscategories";"20120906162153";"remain-type";"unknown";"Mars Category";"Unknown";"";"";"";"";"fr";"";"";"24/05/2011 12:25:04";"24/05/2011 12:25:04";"admin";"";"";"";"True";"False";"";"";""
"/Plone/marscategories";"20120906162153";"remain-type";"hominid";"Mars Category";"Hominid";"";"";"";"";"fr";"";"";"24/05/2011 12:25:04";"24/05/2011 12:25:04";"admin";"";"";"";"True";"False";"";"";""
"/Plone/marscategories";"20120906162153";"remain-type";"fauna";"Mars Category";"Fauna";"";"";"";"";"fr";"";"";"24/05/2011 12:25:04";"24/05/2011 12:25:04";"admin";"";"";"";"True";"False";"";"";""
"/Plone/marscategories";"20120906162153";"remain-type/hominid";"bone";"Mars Category";"Bone";"";"";"";"";"fr";"";"";"24/05/2011 12:25:04";"24/05/2011 12:25:04";"admin";"";"";"";"True";"False";"";"";""
"/Plone/marscategories";"20120906162153";"remain-type/hominid";"tooth";"Mars Category";"Tooth";"";"";"";"";"fr";"";"";"24/05/2011 12:25:04";"24/05/2011 12:25:04";"admin";"";"";"";"True";"False";"";"";""
"/Plone/marscategories";"20120906162153";"remain-type/hominid";"undetermined";"Mars Category";"Undetermined";"";"";"";"";"fr";"";"";"25/05/2011 15:21:59";"25/05/2011 15:21:59";"admin";"";"";"";"True";"False";"";"";""
"/Plone/marscategories";"20120906162153";"remain-type/hominid";"unknown";"Mars Category";"Unknown";"";"";"";"";"fr";"";"";"25/05/2011 15:22:00";"25/05/2011 15:22:00";"admin";"";"";"";"True";"False";"";"";""
"/Plone/marscategories";"20120906162153";"remain-type/hominid/tooth";"fragment";"Mars Category";"Fragment";"";"";"";"";"fr";"";"";"25/05/2011 15:22:12";"25/05/2011 15:22:12";"admin";"";"";"";"True";"False";"";"";""
"/Plone/marscategories";"20120906162153";"remain-type/hominid/tooth";"permanent";"Mars Category";"Permanent";"";"";"";"";"fr";"";"";"25/05/2011 15:22:12";"25/05/2011 15:22:12";"admin";"";"";"";"True";"False";"";"";""
"/Plone/marscategories";"20120906162153";"remain-type/hominid/tooth";"indetermined";"Mars Category";"Indetermined";"";"";"";"";"fr";"";"";"25/05/2011 15:22:14";"25/05/2011 15:22:14";"admin";"";"";"";"True";"False";"";"";""
"/Plone/marscategories";"20120906162153";"remain-type/hominid/tooth";"decidual";"Mars Category";"Decidual";"";"";"";"";"fr";"";"";"25/05/2011 15:22:14";"25/05/2011 15:22:14";"admin";"";"";"";"True";"False";"";"";""
"/Plone/marscategories";"20120906162153";"remain-type/hominid/tooth/permanent";"premolar";"Mars Category";"Premolar";"";"";"";"";"fr";"";"";"25/05/2011 15:22:13";"25/05/2011 15:22:13";"admin";"";"";"";"True";"False";"";"";""
"/Plone/marscategories";"20120906162153";"remain-type/hominid/tooth/permanent";"molar";"Mars Category";"Molar";"";"";"";"";"fr";"";"";"25/05/2011 15:22:13";"25/05/2011 15:22:13";"admin";"";"";"";"True";"False";"";"";""
"/Plone/marscategories";"20120906162153";"remain-type/hominid/tooth/permanent";"incisor";"Mars Category";"Incisor";"";"";"";"";"fr";"";"";"25/05/2011 15:22:13";"25/05/2011 15:22:13";"admin";"";"";"";"True";"False";"";"";""
"/Plone/marscategories";"20120906162153";"remain-type/hominid/tooth/permanent";"canine";"Mars Category";"Canine";"";"";"";"";"fr";"";"";"25/05/2011 15:22:13";"25/05/2011 15:22:13";"admin";"";"";"";"True";"False";"";"";""
"/Plone/marscategories";"20120906162153";"remain-type/hominid/tooth/permanent/premolar";"p3";"Mars Category";"P3";"";"";"";"";"fr";"";"";"25/05/2011 15:22:13";"25/05/2011 15:22:13";"admin";"";"";"";"True";"False";"";"";""
"/Plone/marscategories";"20120906162153";"remain-type/hominid/tooth/permanent/premolar";"p4";"Mars Category";"P4";"";"";"";"";"fr";"";"";"25/05/2011 15:22:13";"25/05/2011 15:22:13";"admin";"";"";"";"True";"False";"";"";""
"/Plone/marscategories";"20120906162153";"remain-type/hominid/tooth/permanent/molar";"m1";"Mars Category";"M1";"";"";"";"";"fr";"";"";"25/05/2011 15:22:13";"25/05/2011 15:22:13";"admin";"";"";"";"True";"False";"";"";""
"/Plone/marscategories";"20120906162153";"remain-type/hominid/tooth/permanent/molar";"m3";"Mars Category";"M3";"";"";"";"";"fr";"";"";"25/05/2011 15:22:13";"25/05/2011 15:22:13";"admin";"";"";"";"True";"False";"";"";""
"/Plone/marscategories";"20120906162153";"remain-type/hominid/tooth/permanent/molar";"m2";"Mars Category";"M2";"";"";"";"";"fr";"";"";"25/05/2011 15:22:13";"25/05/2011 15:22:13";"admin";"";"";"";"True";"False";"";"";""
"/Plone/marscategories";"20120906162153";"remain-type/hominid/tooth/permanent/incisor";"i1";"Mars Category";"I1";"";"";"";"";"fr";"";"";"25/05/2011 15:22:13";"25/05/2011 15:22:13";"admin";"";"";"";"True";"False";"";"";""
"/Plone/marscategories";"20120906162153";"remain-type/hominid/tooth/permanent/incisor";"i2";"Mars Category";"I2";"";"";"";"";"fr";"";"";"25/05/2011 15:22:13";"25/05/2011 15:22:13";"admin";"";"";"";"True";"False";"";"";""
"/Plone/marscategories";"20120906162153";"remain-type/hominid/tooth/permanent/canine";"c1";"Mars Category";"C1";"";"";"";"";"fr";"";"";"25/05/2011 15:22:14";"25/05/2011 15:22:14";"admin";"";"";"";"True";"False";"";"";""
"/Plone/marscategories";"20120906162153";"remain-type/hominid/tooth/decidual";"molar";"Mars Category";"Molar";"";"";"";"";"fr";"";"";"25/05/2011 15:22:14";"25/05/2011 15:22:14";"admin";"";"";"";"True";"False";"";"";""
"/Plone/marscategories";"20120906162153";"remain-type/hominid/tooth/decidual";"incisor";"Mars Category";"Incisor";"";"";"";"";"fr";"";"";"25/05/2011 15:22:14";"25/05/2011 15:22:14";"admin";"";"";"";"True";"False";"";"";""
"/Plone/marscategories";"20120906162153";"remain-type/hominid/tooth/decidual";"canine";"Mars Category";"Canine";"";"";"";"";"fr";"";"";"25/05/2011 15:22:14";"25/05/2011 15:22:14";"admin";"";"";"";"True";"False";"";"";""
"/Plone/marscategories";"20120906162153";"remain-type/hominid/tooth/decidual/molar";"dm1";"Mars Category";"Dm1";"";"";"";"";"fr";"";"";"25/05/2011 15:22:14";"25/05/2011 15:22:14";"admin";"";"";"";"True";"False";"";"";""
"/Plone/marscategories";"20120906162153";"remain-type/hominid/tooth/decidual/molar";"dm2";"Mars Category";"Dm2";"";"";"";"";"fr";"";"";"25/05/2011 15:22:14";"25/05/2011 15:22:14";"admin";"";"";"";"True";"False";"";"";""
"/Plone/marscategories";"20120906162153";"remain-type/hominid/tooth/decidual/incisor";"di1";"Mars Category";"Di1";"";"";"";"";"fr";"";"";"25/05/2011 15:22:14";"25/05/2011 15:22:14";"admin";"";"";"";"True";"False";"";"";""
"/Plone/marscategories";"20120906162153";"remain-type/hominid/tooth/decidual/incisor";"di2";"Mars Category";"Di2";"";"";"";"";"fr";"";"";"25/05/2011 15:22:14";"25/05/2011 15:22:14";"admin";"";"";"";"True";"False";"";"";""
"/Plone/marscategories";"20120906162153";"remain-type/hominid/tooth/decidual/canine";"dc1";"Mars Category";"Dc1";"";"";"";"";"fr";"";"";"25/05/2011 15:22:14";"25/05/2011 15:22:14";"admin";"";"";"";"True";"False";"";"";""
"/Plone/marscategories";"20120906162153";"remain-type/flora";"charcoal";"Mars Category";"Charcoal";"";"";"";"";"fr";"";"";"25/05/2011 15:17:01";"25/05/2011 15:17:01";"admin";"";"";"";"True";"False";"";"";""
"/Plone/marscategories";"20120906162153";"remain-type/flora";"fiber";"Mars Category";"Fiber";"";"";"";"";"fr";"";"";"25/05/2011 15:17:05";"25/05/2011 15:17:05";"admin";"";"";"";"True";"False";"";"";""
"/Plone/marscategories";"20120906162153";"remain-type/flora";"wood";"Mars Category";"Wood";"";"";"";"";"fr";"";"";"25/05/2011 15:17:09";"25/05/2011 15:17:09";"admin";"";"";"";"True";"False";"";"";""
"/Plone/marscategories";"20120906162153";"remain-type/flora";"leave";"Mars Category";"Leave";"";"";"";"";"fr";"";"";"25/05/2011 15:17:13";"25/05/2011 15:17:13";"admin";"";"";"";"True";"False";"";"";""
"/Plone/marscategories";"20120906162153";"remain-type/flora";"fruit";"Mars Category";"Fruit";"";"";"";"";"fr";"";"";"25/05/2011 15:17:16";"25/05/2011 15:17:16";"admin";"";"";"";"True";"False";"";"";""
"/Plone/marscategories";"20120906162153";"remain-type/flora";"sead";"Mars Category";"Sead";"";"";"";"";"fr";"";"";"25/05/2011 15:17:21";"25/05/2011 15:17:21";"admin";"";"";"";"True";"False";"";"";""
"/Plone/marscategories";"20120906162153";"remain-type/fauna";"mammal";"Mars Category";"Mammal";"";"";"";"";"fr";"";"";"24/05/2011 12:25:04";"24/05/2011 12:25:04";"admin";"";"";"";"True";"False";"";"";""
"/Plone/marscategories";"20120906162153";"remain-type/fauna";"reptile";"Mars Category";"Reptile";"";"";"";"";"fr";"";"";"24/05/2011 12:25:04";"24/05/2011 12:25:04";"admin";"";"";"";"True";"False";"";"";""
"/Plone/marscategories";"20120906162153";"remain-type/fauna";"fish";"Mars Category";"Fish";"";"";"";"";"fr";"";"";"24/05/2011 12:25:04";"24/05/2011 12:25:04";"admin";"";"";"";"True";"False";"";"";""
"/Plone/marscategories";"20120906162153";"remain-type/fauna";"amphibian";"Mars Category";"Amphibian";"";"";"";"";"fr";"";"";"24/05/2011 12:25:04";"24/05/2011 12:25:04";"admin";"";"";"";"True";"False";"";"";""
"/Plone/marscategories";"20120906162153";"remain-type/fauna";"bird";"Mars Category";"Bird";"";"";"";"";"fr";"";"";"24/05/2011 12:25:04";"24/05/2011 12:25:04";"admin";"";"";"";"True";"False";"";"";""
"/Plone/marscategories";"20120906162153";"remain-type/fauna";"undetermined";"Mars Category";"Undetermined";"";"";"";"";"fr";"";"";"25/05/2011 15:22:14";"25/05/2011 15:22:14";"admin";"";"";"";"True";"False";"";"";""
"/Plone/marscategories";"20120906162153";"remain-type/fauna";"unknown";"Mars Category";"Unknown";"";"";"";"";"fr";"";"";"25/05/2011 15:22:15";"25/05/2011 15:22:15";"admin";"";"";"";"True";"False";"";"";""
"/Plone/marscategories";"20120906162153";"remain-type/fauna";"none";"Mars Category";"None";"";"";"";"";"fr";"";"";"25/05/2011 15:22:15";"25/05/2011 15:22:15";"admin";"";"";"";"True";"False";"";"";""
"/Plone/marscategories";"20120906162153";"remain-type/artefact";"lithic";"Mars Category";"Lithic";"";"";"";"";"fr";"";"";"24/05/2011 12:25:03";"24/05/2011 12:25:03";"admin";"";"";"";"True";"False";"";"";""
"/Plone/marscategories";"20120906162153";"remain-type/artefact";"vegetal-hard-tissue";"Mars Category";"Vegetal Hard Tissue";"";"";"";"";"fr";"";"";"24/05/2011 12:25:03";"24/05/2011 12:25:03";"admin";"";"";"";"True";"False";"";"";""
"/Plone/marscategories";"20120906162153";"remain-type/artefact";"ceramic";"Mars Category";"Ceramic";"";"";"";"";"fr";"";"";"24/05/2011 12:25:03";"24/05/2011 12:25:03";"admin";"";"";"";"True";"False";"";"";""
"/Plone/marscategories";"20120906162153";"remain-type/artefact";"metal";"Mars Category";"Metal";"";"";"";"";"fr";"";"";"24/05/2011 12:25:04";"24/05/2011 12:25:04";"admin";"";"";"";"True";"False";"";"";""
"/Plone/marscategories";"20120906162153";"remain-type/artefact";"animal-soft-tissue";"Mars Category";"Animal Soft Tissue";"";"";"";"";"fr";"";"";"24/05/2011 12:25:04";"24/05/2011 12:25:04";"admin";"";"";"";"True";"False";"";"";""
"/Plone/marscategories";"20120906162153";"remain-type/artefact";"vegetal-soft-tissue";"Mars Category";"Vegetal Soft Tissue";"";"";"";"";"fr";"";"";"24/05/2011 12:25:04";"24/05/2011 12:25:04";"admin";"";"";"";"True";"False";"";"";""
"/Plone/marscategories";"20120906162153";"remain-type/artefact";"animal-hard-tissue";"Mars Category";"Animal Hard Tissue";"";"";"";"";"fr";"";"";"24/05/2011 12:25:04";"24/05/2011 12:25:04";"admin";"";"";"";"True";"False";"";"";""
"/Plone/marscategories";"20120906162153";"remain-type/artefact";"undetermined";"Mars Category";"Undetermined";"";"";"";"";"fr";"";"";"25/05/2011 15:12:16";"25/05/2011 15:12:16";"admin";"";"";"";"True";"False";"";"";""
"/Plone/marscategories";"20120906162153";"remain-type/artefact";"unknown";"Mars Category";"Unknown";"";"";"";"";"fr";"";"";"25/05/2011 15:12:17";"25/05/2011 15:12:17";"admin";"";"";"";"True";"False";"";"";""
"/Plone/marscategories";"20120906162153";"raw-material";"animal";"Mars Category";"Animal";"";"";"";"";"fr";"";"";"24/05/2011 12:24:58";"24/05/2011 12:24:58";"admin";"";"";"";"True";"False";"";"";""
"/Plone/marscategories";"20120906162153";"raw-material";"ceramic";"Mars Category";"Ceramic";"";"";"";"";"fr";"";"";"25/05/2011 15:22:31";"25/05/2011 15:22:31";"admin";"";"";"";"True";"False";"";"";""
"/Plone/marscategories";"20120906162153";"raw-material";"composite";"Mars Category";"Composite";"";"";"";"";"fr";"";"";"25/05/2011 15:22:31";"25/05/2011 15:22:31";"admin";"";"";"";"True";"False";"";"";""
"/Plone/marscategories";"20120906162153";"raw-material";"metal";"Mars Category";"Metal";"";"";"";"";"fr";"";"";"25/05/2011 15:22:43";"25/05/2011 15:22:43";"admin";"";"";"";"True";"False";"";"";""
"/Plone/marscategories";"20120906162153";"raw-material";"glass";"Mars Category";"Glass";"";"";"";"";"fr";"";"";"25/05/2011 15:22:44";"25/05/2011 15:22:44";"admin";"";"";"";"True";"False";"";"";""
"/Plone/marscategories";"20120906162153";"raw-material";"burned-hearth";"Mars Category";"Burned hearth";"";"";"";"";"fr";"";"";"25/05/2011 15:22:44";"25/05/2011 15:22:44";"admin";"";"";"";"True";"False";"";"";""
"/Plone/marscategories";"20120906162153";"raw-material";"undetermined";"Mars Category";"Undetermined";"";"";"";"";"fr";"";"";"13/03/2012 22:14:30";"13/03/2012 22:14:30";"psemal";"";"";"";"True";"False";"";"";""
"/Plone/marscategories";"20120906162153";"raw-material";"unknown";"Mars Category";"Unknown";"";"";"";"";"fr";"";"";"13/03/2012 22:14:32";"13/03/2012 22:14:32";"psemal";"";"";"";"True";"False";"";"";""
"/Plone/marscategories";"20120906162153";"raw-material";"vegetal";"Mars Category";"Vegetal";"";"";"";"";"fr";"";"";"24/05/2011 12:24:58";"24/05/2011 12:24:58";"admin";"";"";"";"True";"False";"";"";""
"/Plone/marscategories";"20120906162153";"raw-material";"lithic";"Mars Category";"Lithic";"";"";"";"";"fr";"";"";"24/05/2011 12:24:58";"24/05/2011 12:24:58";"admin";"";"";"";"True";"False";"";"";""
"/Plone/marscategories";"20120906162153";"raw-material";"other";"Mars Category";"Other";"";"";"";"";"fr";"";"";"24/05/2011 12:24:58";"24/05/2011 12:24:58";"admin";"";"";"";"True";"False";"";"";""
"/Plone/marscategories";"20120906162153";"raw-material";"animal-soft-tissue";"Mars Category";"Animal Soft Tissue";"";"";"";"";"fr";"";"";"13/03/2012 22:14:33";"13/03/2012 22:14:33";"psemal";"";"";"";"True";"False";"";"";""
"/Plone/marscategories";"20120906162153";"raw-material/animal-soft-tissue";"sinew";"Mars Category";"Sinew";"";"";"";"";"fr";"";"";"13/03/2012 22:14:33";"13/03/2012 22:14:33";"psemal";"";"";"";"True";"False";"";"";""
"/Plone/marscategories";"20120906162153";"raw-material/animal-soft-tissue";"skin";"Mars Category";"Skin";"";"";"";"";"fr";"";"";"13/03/2012 22:14:34";"13/03/2012 22:14:34";"psemal";"";"";"";"True";"False";"";"";""
"/Plone/marscategories";"20120906162153";"raw-material/animal-soft-tissue/skin";"tanned";"Mars Category";"Tanned";"";"";"";"";"fr";"";"";"13/03/2012 22:14:34";"13/03/2012 22:14:34";"psemal";"";"";"";"True";"False";"";"";""
"/Plone/marscategories";"20120906162153";"raw-material/animal-soft-tissue/skin";"treated";"Mars Category";"Treated";"";"";"";"";"fr";"";"";"13/03/2012 22:14:34";"13/03/2012 22:14:34";"psemal";"";"";"";"True";"False";"";"";""
"/Plone/marscategories";"20120906162153";"raw-material/animal-soft-tissue/skin";"untreated";"Mars Category";"Untreated";"";"";"";"";"fr";"";"";"13/03/2012 22:14:34";"13/03/2012 22:14:34";"psemal";"";"";"";"True";"False";"";"";""
"/Plone/marscategories";"20120906162153";"pathology";"undetermined";"Mars Category";"Undetermined";"";"";"";"";"fr";"";"";"24/05/2011 12:25:03";"24/05/2011 12:25:03";"admin";"";"";"";"True";"False";"";"";""
"/Plone/marscategories";"20120906162153";"pathology";"unknown";"Mars Category";"Unknown";"";"";"";"";"fr";"";"";"24/05/2011 12:25:03";"24/05/2011 12:25:03";"admin";"";"";"";"True";"False";"";"";""
"/Plone/marscategories";"20120906162153";"nothing";"undetermined";"Mars Category";"Undetermined";"";"";"";"";"fr";"";"";"24/05/2011 12:25:02";"24/05/2011 12:25:02";"admin";"";"";"";"True";"False";"";"";""
"/Plone/marscategories";"20120906162153";"nothing";"unknown";"Mars Category";"Unknown";"";"";"";"";"fr";"";"";"24/05/2011 12:25:02";"24/05/2011 12:25:02";"admin";"";"";"";"True";"False";"";"";""
"/Plone/marscategories";"20120906162153";"nothing";"none";"Mars Category";"None";"";"";"";"";"fr";"";"";"24/05/2011 12:25:02";"24/05/2011 12:25:02";"admin";"";"";"";"True";"False";"";"";""
"/Plone/marscategories";"20120906162153";"coordinate-projection";"none";"Mars Category";"None";"";"";"";"";"fr";"";"";"24/05/2011 12:25:02";"24/05/2011 12:25:02";"admin";"";"";"";"True";"False";"";"";""
"/Plone/marscategories";"20120906162153";"chronology";"undetermined";"Mars Category";"Undetermined";"";"";"";"";"fr";"";"";"24/05/2011 12:25:02";"24/05/2011 12:25:02";"admin";"";"";"";"True";"False";"";"";""
"/Plone/marscategories";"20120906162153";"chronology";"unknown";"Mars Category";"Unknown";"";"";"";"";"fr";"";"";"24/05/2011 12:25:02";"24/05/2011 12:25:02";"admin";"";"";"";"True";"False";"";"";""
"/Plone/marscategories";"20120906162153";"chronology";"cultural";"Mars Category";"Cultural";"";"";"";"";"fr";"";"";"24/05/2011 12:25:02";"24/05/2011 12:25:02";"admin";"";"";"";"True";"False";"";"";""
"/Plone/marscategories";"20120906162153";"chronology";"chronostratigraphy";"Mars Category";"Chronostratigraphy";"";"";"";"";"fr";"";"";"24/05/2011 12:25:02";"24/05/2011 12:25:02";"admin";"";"";"";"True";"False";"";"";""
"/Plone/marscategories";"20120906162153";"chronology";"ois";"Mars Category";"OIS";"";"";"";"";"fr";"";"";"25/05/2011 15:13:11";"25/05/2011 15:13:11";"admin";"";"";"";"True";"False";"";"";""
"/Plone/marscategories";"20120906162153";"chronology";"paleontological";"Mars Category";"Paleontological";"";"";"";"";"fr";"";"";"25/05/2011 15:13:12";"25/05/2011 15:13:12";"admin";"";"";"";"True";"False";"";"";""
"/Plone/marscategories";"20120906162153";"chronology/cultural";"europe";"Mars Category";"Europe";"";"";"";"";"fr";"";"";"25/05/2011 15:13:00";"25/05/2011 15:13:00";"admin";"";"";"";"True";"False";"";"";""
"/Plone/marscategories";"20120906162153";"chronology/cultural";"oceania";"Mars Category";"Oceania";"";"";"";"";"fr";"";"";"25/05/2011 15:13:05";"25/05/2011 15:13:05";"admin";"";"";"";"True";"False";"";"";""
"/Plone/marscategories";"20120906162153";"chronology/cultural";"africa";"Mars Category";"Africa";"";"";"";"";"fr";"";"";"25/05/2011 15:13:07";"25/05/2011 15:13:07";"admin";"";"";"";"True";"False";"";"";""
"/Plone/marscategories";"20120906162153";"chronology/cultural";"america";"Mars Category";"America";"";"";"";"";"fr";"";"";"25/05/2011 15:13:08";"25/05/2011 15:13:08";"admin";"";"";"";"True";"False";"";"";""
"/Plone/marscategories";"20120906162153";"chronology/cultural";"asia";"Mars Category";"Asia";"";"";"";"";"fr";"";"";"25/05/2011 15:13:09";"25/05/2011 15:13:09";"admin";"";"";"";"True";"False";"";"";""
"/Plone/marscategories";"20120906162153";"chronology/cultural/oceania";"praehistory";"Mars Category";"Praehistory";"";"";"";"";"fr";"";"";"25/05/2011 15:13:06";"25/05/2011 15:13:06";"admin";"";"";"";"True";"False";"";"";""
"/Plone/marscategories";"20120906162153";"chronology/cultural/oceania";"history";"Mars Category";"History";"";"";"";"";"fr";"";"";"25/05/2011 15:13:07";"25/05/2011 15:13:07";"admin";"";"";"";"True";"False";"";"";""
"/Plone/marscategories";"20120906162153";"chronology/cultural/europe";"praehistory";"Mars Category";"Praehistory";"";"";"";"";"fr";"";"";"25/05/2011 15:13:01";"25/05/2011 15:13:01";"admin";"";"";"";"True";"False";"";"";""
"/Plone/marscategories";"20120906162153";"chronology/cultural/europe";"protohistory";"Mars Category";"Protohistory";"";"";"";"";"fr";"";"";"25/05/2011 15:13:05";"25/05/2011 15:13:05";"admin";"";"";"";"True";"False";"";"";""
"/Plone/marscategories";"20120906162153";"chronology/cultural/europe";"history";"Mars Category";"History";"";"";"";"";"fr";"";"";"25/05/2011 15:13:05";"25/05/2011 15:13:05";"admin";"";"";"";"True";"False";"";"";""
"/Plone/marscategories";"20120906162153";"chronology/cultural/asia";"praehistory";"Mars Category";"Praehistory";"";"";"";"";"fr";"";"";"25/05/2011 15:13:11";"25/05/2011 15:13:11";"admin";"";"";"";"True";"False";"";"";""
"/Plone/marscategories";"20120906162153";"chronology/cultural/asia";"history";"Mars Category";"History";"";"";"";"";"fr";"";"";"25/05/2011 15:13:11";"25/05/2011 15:13:11";"admin";"";"";"";"True";"False";"";"";""
"/Plone/marscategories";"20120906162153";"chronology/cultural/america";"praehistory";"Mars Category";"Praehistory";"";"";"";"";"fr";"";"";"25/05/2011 15:13:09";"25/05/2011 15:13:09";"admin";"";"";"";"True";"False";"";"";""
"/Plone/marscategories";"20120906162153";"chronology/cultural/america";"history";"Mars Category";"History";"";"";"";"";"fr";"";"";"25/05/2011 15:13:09";"25/05/2011 15:13:09";"admin";"";"";"";"True";"False";"";"";""
"/Plone/marscategories";"20120906162153";"chronology/cultural/africa";"praehistory";"Mars Category";"Praehistory";"";"";"";"";"fr";"";"";"25/05/2011 15:13:08";"25/05/2011 15:13:08";"admin";"";"";"";"True";"False";"";"";""
"/Plone/marscategories";"20120906162153";"chronology/cultural/africa";"history";"Mars Category";"History";"";"";"";"";"fr";"";"";"25/05/2011 15:13:08";"25/05/2011 15:13:08";"admin";"";"";"";"True";"False";"";"";""
"/Plone/marscategories";"20120906162153";"analysis-technique";"relative-dating";"Mars Category";"Relative dating";"";"";"";"";"fr";"";"";"24/05/2011 12:25:02";"24/05/2011 12:25:02";"admin";"";"";"";"True";"False";"";"";""
"/Plone/marscategories";"20120906162153";"analysis-technique";"absolute-dating";"Mars Category";"Absolute dating";"";"";"";"";"fr";"";"";"24/05/2011 12:25:02";"24/05/2011 12:25:02";"admin";"";"";"";"True";"False";"";"";""
"/Plone/marscategories";"20120906162153";"age-group";"undetermined";"Mars Category";"Undetermined";"";"";"";"";"fr";"";"";"24/05/2011 12:24:58";"24/05/2011 12:24:58";"admin";"";"";"";"True";"False";"";"";""
"/Plone/marscategories";"20120906162153";"age-group";"unknown";"Mars Category";"Unknown";"";"";"";"";"fr";"";"";"24/05/2011 12:24:58";"24/05/2011 12:24:58";"admin";"";"";"";"True";"False";"";"";""
"/Plone/marscategories";"20120906162153";"age-group";"hominidae";"Mars Category";"Hominidae";"";"";"";"";"fr";"";"";"24/05/2011 12:24:58";"24/05/2011 12:24:58";"admin";"";"";"";"True";"False";"";"";""
"/Plone/marscategories";"20120906162153";"age-group/hominidae";"undetermined";"Mars Category";"Undetermined";"";"";"";"";"fr";"";"";"24/05/2011 12:25:07";"24/05/2011 12:25:07";"admin";"";"";"";"True";"False";"";"";""
"/Plone/marscategories";"20120906162153";"age-group/hominidae";"foetus-or-neonate";"Mars Category";"Foetus or Neonate";"";"";"";"";"fr";"";"";"24/05/2011 12:25:07";"24/05/2011 12:25:07";"admin";"";"";"";"True";"False";"";"";""
"/Plone/marscategories";"20120906162153";"age-group/hominidae";"foetus-week-9-birth";"Mars Category";"Foetus (week 9 - birth)";"";"";"";"";"fr";"";"";"24/05/2011 12:25:07";"24/05/2011 12:25:07";"admin";"";"";"";"True";"False";"";"";""
"/Plone/marscategories";"20120906162153";"age-group/hominidae";"neonate-0-1y";"Mars Category";"Neonate (0 - 1y)";"";"";"";"";"fr";"";"";"24/05/2011 12:25:07";"24/05/2011 12:25:07";"admin";"";"";"";"True";"False";"";"";""
"/Plone/marscategories";"20120906162153";"age-group/hominidae";"infans-i-1-6y";"Mars Category";"Infans I (1 - 6y)";"";"";"";"";"fr";"";"";"24/05/2011 12:25:07";"24/05/2011 12:25:07";"admin";"";"";"";"True";"False";"";"";""
"/Plone/marscategories";"20120906162153";"age-group/hominidae";"infans-ii-7-13y";"Mars Category";"Infans II (7 - 13y)";"";"";"";"";"fr";"";"";"24/05/2011 12:25:07";"24/05/2011 12:25:07";"admin";"";"";"";"True";"False";"";"";""
"/Plone/marscategories";"20120906162153";"age-group/hominidae";"juvenile-14-19y";"Mars Category";"Juvenile (14 - 19y)";"";"";"";"";"fr";"";"";"24/05/2011 12:25:07";"24/05/2011 12:25:07";"admin";"";"";"";"True";"False";"";"";""
"/Plone/marscategories";"20120906162153";"age-group/hominidae";"subadult-below-20";"Mars Category";"Subadult (below 20)";"";"";"";"";"fr";"";"";"24/05/2011 12:25:07";"24/05/2011 12:25:07";"admin";"";"";"";"True";"False";"";"";""
"/Plone/marscategories";"20120906162153";"age-group/hominidae";"adult-20y-and-more";"Mars Category";"Adult (20y and more)";"";"";"";"";"fr";"";"";"24/05/2011 12:25:07";"24/05/2011 12:25:07";"admin";"";"";"";"True";"False";"";"";""
"/Plone/marscategories";"20120906162153";"acquisition-protocol";"none";"Mars Category";"None";"";"";"";"";"fr";"";"";"24/05/2011 12:24:59";"24/05/2011 12:24:59";"admin";"";"";"";"True";"False";"";"";""
"/Plone/marscategories";"20120906162153";"acquisition-protocol";"scanner";"Mars Category";"Scanner";"";"";"";"";"fr";"";"";"24/05/2011 12:25:00";"24/05/2011 12:25:00";"admin";"";"";"";"True";"False";"";"";""
"/Plone/marscategories";"20120906162153";"acquisition-protocol";"photography";"Mars Category";"Photography";"";"";"";"";"fr";"";"";"24/05/2011 12:25:00";"24/05/2011 12:25:00";"admin";"";"";"";"True";"False";"";"";""
"/Plone/marscategories";"20120906162153";"acquisition-protocol";"u-ct";"Mars Category";"Âµ-CT";"";"";"";"";"fr";"";"";"24/05/2011 12:25:00";"24/05/2011 12:25:00";"admin";"";"";"";"True";"False";"";"";""
"/Plone/marscategories";"20120906162153";"acquisition-protocol";"medical-ct";"Mars Category";"Medical CT";"";"";"";"";"fr";"";"";"24/05/2011 12:25:00";"24/05/2011 12:25:00";"admin";"";"";"";"True";"False";"";"";""
"/Plone/marscategories";"20120906162153";"acquisition-protocol";"surface-scanning";"Mars Category";"Surface Scanning";"";"";"";"";"fr";"";"";"24/05/2011 12:25:01";"24/05/2011 12:25:01";"admin";"";"";"";"True";"False";"";"";""
"/Plone/marscategories";"20120906162153";"acquisition-protocol/u-ct";"synchrotron";"Mars Category";"Synchrotron";"";"";"";"";"fr";"";"";"24/05/2011 12:25:00";"24/05/2011 12:25:00";"admin";"";"";"";"True";"False";"";"";""
"/Plone/marscategories";"20120906162153";"acquisition-protocol/u-ct";"skyscan";"Mars Category";"Skyscan";"";"";"";"";"fr";"";"";"24/05/2011 12:25:00";"24/05/2011 12:25:00";"admin";"";"";"";"True";"False";"";"";""
"/Plone/marscategories";"20120906162153";"acquisition-protocol/u-ct/skyscan";"1076";"Mars Category";"1076";"";"";"";"";"fr";"";"";"24/05/2011 12:25:00";"24/05/2011 12:25:00";"admin";"";"";"";"True";"False";"";"";""
"/Plone/marscategories";"20120906162153";"acquisition-protocol/u-ct/skyscan";"1072";"Mars Category";"1072";"";"";"";"";"fr";"";"";"24/05/2011 12:25:00";"24/05/2011 12:25:00";"admin";"";"";"";"True";"False";"";"";""
"/Plone/marscategories";"20120906162153";"acquisition-protocol/surface-scanning";"deios";"Mars Category";"Deios";"";"";"";"";"fr";"";"";"24/05/2011 12:25:01";"24/05/2011 12:25:01";"admin";"";"";"";"True";"False";"";"";""
"/Plone/marscategories";"20120906162153";"acquisition-protocol/surface-scanning";"breukman";"Mars Category";"Breukman";"";"";"";"";"fr";"";"";"24/05/2011 12:25:01";"24/05/2011 12:25:01";"admin";"";"";"";"True";"False";"";"";""
"/Plone/marscategories";"20120906162153";"acquisition-protocol/scanner";"positive";"Mars Category";"Positive";"";"";"";"";"fr";"";"";"24/05/2011 12:25:00";"24/05/2011 12:25:00";"admin";"";"";"";"True";"False";"";"";""
"/Plone/marscategories";"20120906162153";"acquisition-protocol/scanner";"slide";"Mars Category";"Slide";"";"";"";"";"fr";"";"";"24/05/2011 12:25:00";"24/05/2011 12:25:00";"admin";"";"";"";"True";"False";"";"";""
"/Plone/marscategories";"20120906162153";"acquisition-protocol/scanner";"film";"Mars Category";"Film";"";"";"";"";"fr";"";"";"24/05/2011 12:25:00";"24/05/2011 12:25:00";"admin";"";"";"";"True";"False";"";"";""
"/Plone/marscategories";"20120906162153";"acquisition-protocol/photography";"digital";"Mars Category";"Digital";"";"";"";"";"fr";"";"";"24/05/2011 12:25:00";"24/05/2011 12:25:00";"admin";"";"";"";"True";"False";"";"";""
"/Plone/marscategories";"20120906162153";"acquisition-protocol/photography/digital";"calibrated";"Mars Category";"Calibrated";"";"";"";"";"fr";"";"";"24/05/2011 12:25:00";"24/05/2011 12:25:00";"admin";"";"";"";"True";"False";"";"";""
"/Plone/marscategories";"20120906162153";"acquisition-protocol/medical-ct";"siemens";"Mars Category";"Siemens";"";"";"";"";"fr";"";"";"24/05/2011 12:25:00";"24/05/2011 12:25:00";"admin";"";"";"";"True";"False";"";"";""
"/Plone/marscategories";"20120906162153";"acquisition-protocol/medical-ct/siemens";"volume-zoom";"Mars Category";"Volume Zoom";"";"";"";"";"fr";"";"";"24/05/2011 12:25:00";"24/05/2011 12:25:00";"admin";"";"";"";"True";"False";"";"";""
"/Plone/marscategories";"20120906162153";"acquisition-protocol/medical-ct/siemens";"sensation-64";"Mars Category";"Sensation 64";"";"";"";"";"fr";"";"";"24/05/2011 12:25:01";"24/05/2011 12:25:01";"admin";"";"";"";"True";"False";"";"";""
"/Plone/marscategories";"20120906162153";"acquisition-protocol/medical-ct/siemens";"somaton-4";"Mars Category";"Somaton 4";"";"";"";"";"fr";"";"";"24/05/2011 12:25:01";"24/05/2011 12:25:01";"admin";"";"";"";"True";"False";"";"";""
